"p_id","p_accountId","p_name","p_email","p_userName","p_change_activity","p_ecosystem_tenure"
"1","1000994","Mike Kaganski","038f8fa21bb358827cac6a7af3e9f62fb9f1e8c6","mikekaganski","96","60553956"
"3","1000863","Aron Budea","820bf08ac9e412c90eec8c7b484d420ebb586ae4","bearon","18","71390967"
"4","1000166","Samuel Mehrbrodt","c8460a401cded9579a051e62865965da11df5010","s.mehrbrodt","314","144448950"
"5","1000135","Caolán McNamara","4d5ea411b13943f9380ad4d52036b8107e077733","caolan","2053","137813672"
"6","1000043","Julien Nabet","98c828c1e9f1ddccd0c16b9fe569123a0628bf6b","serval2412","669","144945911"
"7","1000169","Tamás Zolnai","1261042712ab3fd4c8de780351297e3003eae31e","Ztamas","152","130555212"
"8","1000125","Martin Hosken","00da4268c8c20c01a44dcc94dbf3367e5058cfa8","mhosken","30","113019904"
"9","1000045","Stephan Bergmann","8c4008ef96be172e8e43af5f04d625325557b54c","sberg","519","148586013"
"10","1000023","Eike Rathke","34da6d1e1771f573974817a35ebe96868981c9d8","erAck","894","137886937"
"11","1001210","Jaskaran singh","b1b0c2a668bb190a5fa71c1c2fbb6172905e85e9","jvsg","21","34767609"
"12","1000083","Noel Grandin","90f50de32bdad34edd42ebcbf426a890fb13bc76","grandinj","1498","141261658"
"13","1001437","Ulrich Gemkow","aef507487017d8306869a61e53418690b5b4966e","h8ghbzc9bbr8c7","1","12177111"
"14","1001121","jan iversen","4a6430ead6b5a6d5a0f7fdd387d003b89eb5cc7e","janiversen","49","44425061"
"15","1000638","Andrea Gelmini","59719a45b67e1e8b0e192299c86a37722f6d5519","Andrea_Gelmini","176","75955922"
"16","1000874","Zdenek Crhonek","17ff553077b5cdee6bd82b91e3038c3ef4f3f282","zcr","311","26934722"
"17","1000006","Thorsten Behrens","a4e2225e21aa09a7253c17e7c13ce320d9414a27","thb","86","135176630"
"18","1000804","Justin Luth","ebc6d33f42c954101aa2d36006ee7a7f0655694f","justin","183","78513516"
"19","1001246","Alexis PAQUIN","ceab6d0bac448b39298e2d66f8779b6f6adf646f","sll","3","17446326"
"20","1001307","Akash Deshpande","cafc6ed85858f83b4cae233651bfae4b1bba255e","fastakash","4","27358993"
"21","1000002","Björn Michaelsen","ee24e85366e7e6615d582e7ec3b46c9d3ff39027","Sweetshark","192","155325280"
"22","1001206","Rohan Kumar","b00a180d76549187c1e3047d510d925d018661f7","rohan_kumar","57","35600429"
"23","1000182","Katarina Behrens","3de0fe903b1af1b37d6540b96a2b100895b13033","bubli","177","99106409"
"24","1000796","Yousuf Philips","6caf617a45b708a29d8ea394410f152320eac7d7","jphilipz","689","79561788"
"25","1000321","Adolfo Jayme Barrientos","c316e2f6600fdd4dce62d7524213fe7f0d1e7b04","fitoschido","158","128207816"
"26","1001318","Heiko Tietze","5ac90be9d0f1448d4f064cc938f3936386237031","htietze","2","14871211"
"27","1001194","Jochen Nitschke","fa5099004850b74760f10e085af67fe9399eec77","JochenNitschke","229","36245557"
"28","1000037","Michael Meeks","ed9486e0aa9e281b1f5a689eb0ace9e51342bc64","mmeeks","412","127010249"
"29","1001329","Zhengqiang Wang","33cd9c7ba538210f082ecd5db39b455e68a4ee45","wangzq0807","3","25935679"
"30","1001356","nadith malinda  premaratne","411e51f426ed57e4213a8e44083eab3e92910c55","NadithM","19","22089727"
"31","1001300","Marco A.G.Pinto","d79f3d001865dc9a1024125f9900fe81ef1a09c2","marcoagpinto","6","13562281"
"32","1001106","keremhallac","a79db4e4299c83bf969fcebe87e35981d088e3a2","keremhh","26","46049935"
"33","1000031","Markus Mohrhard","122af601dca7626fb178480b9ba1e713efdef6ef","moggi","680","132651363"
"34","1001390","Maarten Bosmans","f144505c205368a4221158e374050b9e573091f4","mkbosmans","14","18059806"
"35","1000119","Marco Cecchetti","73d4269c525aef51c3458ea2a77db56abf64fdae","mcecchetti","184","60725090"
"36","1000062","Tor Lillqvist","bcaa79afe877a3c9e8d8087e4ad11efbc71532ec","tml","258","135315675"
"37","1000871","Ashod Nakashian","34cabfda13178d9c905adffdfc315562706b8670","Ashod","1159","69963170"
"38","1000897","pranavk","eba222f4c741ff4f462637d965055705f0d24c48","pranavk","175","66160464"
"39","1000179","Xisco Faulí","0f8e3c951f7fd7b0a970276ada5bcd536a7cb058","x1sc0","219","134927980"
"40","1000027","Christian Lohmaier","eb3219aae0f97a376db0062b81a8f9f3555fa191","cloph","121","146060070"
"41","1000028","Andras Timar","a9cc6fe86d01907174eb007a7f5eec801c0cd29c","timar","450","141154559"
"42","1001392","Pierre Lepage","ff5d156559cf367e6796952a09459faea81c4143","Pierre","3","15202474"
"43","1001339","Bartosz Kosiorek","937efea71f24b5844817e293cc3563996e23da09","gang65","21","25329661"
"44","1000868","Gülşah Köse","aa805516d83feb11e91b878a9f816970f70e0d46","gulsahkose","33","64274744"
"45","1000549","Maxim Monastirsky","866426b2dfd67bf17fe93008816d5ca16be3269a","maxim.monastirsky","165","107745106"
"46","1001102","melike","c90bb2c5ff6cdeb36042f8035c0a61c8ec28090e","melikeyurtoglu","27","46615110"
"47","1001305","Gökhan Gurbetoğlu","aac5346a7856b0a3143432b11bdc80ec6751126f","ggurbet","14","25329041"
"48","1000022","Michael Stahl","483a22cc2e0961a325bcc259444efe8484e85302","mst","1205","149729170"
"49","1001050","Giuseppe Castagno","9841e05d938465df5319859db0f68d88617f9849","beppec56","150","53640540"
"50","1000195","Niklas Johansson","7e19f598539a87513f4d54d8d3a861bd853ade66","nikjoh","65","125113819"
"51","1001281","Aleksandar Stefanović","efe8eca8ce9aa37d9d959aa6db4313fc99030340","aleksandar","16","30825117"
"52","1000446","Gabor Kelemen","98c1975d91ad5da93405b75602460e9814e0dee1","kelemengabor","73","119045953"
"53","1000099","Muthu Subramanian K","1ac0cfc9ddb06dab5f193a1f5fc78d06d3e898f1","muthusuba","13","101860904"
"54","1001192","Mohammed Abdul Azeem","06d07ce57882f58528a29d0aec093423f7d0f7fe","azorpid","27","35645466"
"55","1001420","Filippo giacchè","bb1ebefb157ad472dd6333ff8a31837eebed2d7f","giacco","4","14417096"
"56","1001306","Mert","a9c6b6e058431f269841f298eabf5c3d80aceba5","mert","7","28580062"
"57","1000562","Jan-Marek Glogowski","636e9f0850ad373678316031da55645b5ae88fce","jmux","150","106077578"
"58","1000030","Kohei Yoshida","5ef76cbbc883c428840681da5a67975cc0f11aef","kohei","383","132862246"
"59","1001416","Federico Bassini","33fc1de1c2e0c9261c3c355e6a57a0e18db234ba","ffex","6","14851779"
"60","1001424","Huzaifa Iftikhar","6dfe8eb386e262d2ed3bfff1550e5f36bb6f2f69","huzaifaiftikhar","1","13272304"
"61","1001429","Sudarshan K","916b64a9c8dbbffadf0898a6bb01921c8ab5d75d","Hieronymous","14","14253993"
"62","1001105","Irem Sendur","f333d9ff7e2780130df457b529b568458ee673ee","IremSendur","13","46024699"
"64","1000161","Laurent BP","30b58edfde6f75800d6dcf021635e96180a31536","jumbo444","222","110814403"
"65","1000016","Cor Nouws","0041adf060bd5d858d6db5b1149d26cca87a8dcb","cornouws","17","136752297"
"66","1000821","Mark Hung","bea70cf8fcbe3086a1b1b8f4e618323a109a329c","marklh9","99","75507652"
"67","1001226","Martin Nathansen","1a46c9a3bf3a659c896af19ae260fd0b123d1aa2","muxer","4","34122903"
"68","1001364","Pawan Pal","aaf2a5c7d05758f59f6b9ef4fdc95f64a0b21e0a","pa1pal","2","21247396"
"69","1001243","Jakub Trzebiatowski","be422bfe772712df3f040fc4a1e6d8dbc0a77b32","ubap","38","33244184"
"70","1000013","Miklos Vajna","728739c19016143877b2e5dc749840ba7f14b2fa","vmiklos","977","150432612"
"71","1001193","Akshay Deep","0ae36976a6f510901d0f79de42736a9733c4db18","akki95","121","36984826"
"72","1000034","Takeshi Abe","1ce297496c8d2ee7797d34e8632f2cfb944c5e3b","tabe","394","148253051"
"73","1001370","Chamal Udugama","f2c9f07effd57bea64d4032a66544fd4674bc6cc","ChamalUdugama","6","20541216"
"74","1001264","Muhammet Kara","54aa22450423f592a296dd0fe503ca9b0d638a06","kara","71","32150786"
"75","1000381","Khaled Hosny","512b36766a3f0854abf385c7d321742741d1dacc","khaledhosny","163","124084764"
"76","1001425","Aleksander Machniak","a121b97db3af92e861686d843a670943104db381","alecpl","2","14524908"
"77","1000108","Jean-Tiare Le Bigot","73e0de2b3c1752eddd3f634c5ad3fa0500dd6b40","jtlebigot","8","147691505"
"78","1000021","David Tardon","d6779f1b93716f96128de89ca418210e568de2ad","dtardon","376","148523585"
"80","1000865","Henry Castro","e6731ca0df1db833e057738f7c2bfa085b4dc83e","hcvcastro","74","70913828"
"81","1000068","Jan Holesovsky","3d0b8bc9517c57c0f7876a466341e8908bf11c54","kendy","165","135485934"
"82","1000059","Olivier Hallot","23edb1b52b0f53c7c61fed6a482cf33a0ec230b3","ohallot","251","146246446"
"83","1000054","Korrawit Pruegsanusak","17f5f94d4aafaa52b30de6639b79a2ed9bba2a47","korrawit","27","148874094"
"84","1001362","Abhilash Singh","0e5a42850032b2e4e752aa4a52c97111d7d4e4e5","abhilash300singh","10","21448473"
"85","1001451","Tamás Gulácsi","05f1bfbe463b92326365c50275ce1db51b46ce28","tgulacsi","1","11742797"
"86","1000084","Lionel Elie Mamane","c585ca6007799099cafe54d35ef1c5e5231a8e6b","lmamane","407","149199763"
"87","1001086","Lera Goncharuk","bc8ed2b3899cefd3cab18f88d884305b8dc838c3","tagezi","24","48182048"
"88","1000947","Dennis Francis","8aa26c14c143e49c6bbad9cfa0e4daf6b3226d6b","dennisfrancis","37","62716234"
"89","1000154","Tomaž Vajngerl","ee8bb8e4923761d223b9530c7bd8bb36137e0122","tvajngerl","234","119546988"
"90","1001450","Marina Latini","7a33da9e30943a1425d27fadb8d41a97687ab172","deneb-alpha","1","11832201"
"91","1001240","Tamás Bunth","585cceebcbbd7a4dbb2556784b84a916d4beff78","Wastack","55","33395651"
"92","1000082","Joel Madero","0659dea9fbe6f802f0e91e4aea00ff05e134f87b","jmadero","26","132349157"
"93","1000223","Stanislav Horáček","4c692596acfce4344ba8412ba6e16e4cc52fb2cc","horacek","193","112114470"
"94","1000996","andreas_kainz","1c03bbbd42fd5aad3bf76371efedbf1664bc75ea","andreas_ka","110","59448024"
"95","1000026","Arnaud Versini","ad5d9bbbe8c0db4bb8d97acfb011eb155b24f726","arnaud_versini","157","150148154"
"96","1000664","Szymon Kłos","a83d3f16742d35c3df876ad5d2f56d92a0c2fe23","sk94","113","95618697"
"97","1001440","Roman Shipovskij","4a2c8eaa165aa05144e88bee8eaade1d305700e9","RoMan","1","12950196"
"98","1000875","Luke Benes","98ddbcba435366615bccf849b74964b5e02548d8","lbenes","3","20781394"
"99","1001270","akash","6b2258c5a7099b41f9073917dd296dc28424deca","autoit","17","31736306"
"100","1000057","Winfried Donkers","b3c8af0f9532d6074b2caf5fe88791867222874a","winfried","147","137473668"
"101","1001410","Fabio Biocchetti","36d6be8a6e17fe7c86dcf62445a0228233504451","Css16","2","13283530"
"102","1001373","rosen silva","50c56907fa032757abc71400c085cd159e528d66","rosensilva","9","20369198"
"103","1001124","Armin Le Grand","f946ef253a3fad0fd0ecdee32df5998c72836360","alg","55","44064866"
"104","1001432","Guilhem Moulin","e72211d2031e2f4e7de558d194895ed14b9a3be0","guilhem","1","13552624"
"105","1001378","Miroslav Mazel","ba05c53a3a4c0dec2059564d9f60aaf9a851934b","12people","4","18917280"
"106","1000210","Luke Deller","b639d654d07836ba815c4e495401bf83434b217f","luked","44","135916850"
"107","1001284","Kruno","40b4798025909f6000c223c15bdb119a28d893aa","kruno","2","13887521"
"108","1001419","Jacek Frączek","5c749cbb9abef816cf3594cab37568f27c479166","jfraczek","2","14597682"
"109","1000805","V Stuart Foote","75c5b03b469817930e400bd1f7b5829958a9cbbc","vsfoote","3","64482838"
"110","1001216","Arnold Dumas","e9e200a7aecd4126a290a81bdeb03906eaa043d2","arnolddumas","23","35178828"
"111","1001422","Mirco Rondini","ac602ff9242f02a00ca3f070e25ece8b4ea455a5","RondoZhen","2","14501733"
"112","1001427","Dilek Üzülmez","fc4179aabeac0131753ac0d04d6b854c5dafbdda","dilekuzulmez","1","14078011"
"113","1000567","Douglas Mencken","2b298c5963d35b50ffa855de439bee38b55e3df6","dougmencken","156","103853603"
"114","1000035","Matúš Kukan","f4ffe1198371fc9476a3832aa87ecd2e9a4b2884","matus","167","147803303"
"115","1000447","Regina Henschel","bef39a528ffaa87df4e8a6a159b6557be5d21de6","reginalo","17","53372693"
"116","1001365","aselarz","fc9fbeb9ac001c7cae10726cf7073f10f06bb3cd","aselaDasanayaka","7","20738692"
"117","1000883","Rishabh Kumar","f7b677279e0b555aaf483cc84c8a68962dfed440","Rishabh","116","67234980"
"118","1000003","Norbert Thiebaud","2b34bd8344d0574e1c4d08d6aa492f4933e25adc","shm_get","295","159586317"
"119","1001380","Tiago Santos","59ea6e6fceaf638f504b1d1818dbc5ba426e7946","TiagoSantos","8","15877539"
"120","1001417","Jookia","9b57c455ff3d489254722ea04fd338fe27b377f8","Jookia","1","14917141"
"121","1001418","Ilya Ponamarev","f3f9d0b29dcda03805c8627ae736cd6fe38d353a","ponamarev","1","14991962"
"122","1001002","László Németh","10bb16dfbf5016d5523a811e5781a08b378ecb8f","nemeth","5","17230883"
"123","1001316","Johnny_M","787c307b706880f563712f6e1f90a8923a0f6519","Johnny_M","4","27524987"
"124","1001139","Aleksandr Andreev","18c5dd3624d63fc1fe554c49274f40f729d26c87","aleksandrandreev","2","42875402"
"125","1001406","Milos Sramek","e70e6b2bcbc4e1278c4257205946e164df666cdd","milossramek2","1","16319070"
"126","1001385","Sophie Su","b33cabe9d2e68b448f22457a2c94c396c3dde6e1","SophieSu","3","18349593"
"127","1001395","Simon Van Accoleyen","423685653c55ed1d184f570c9f20d4b8e4179609","Galaxias","1","17253186"
"128","1001379","Kao HaoCheng","9aee43990fbb569edf3565a3da728ce2643d4b7e","drazil","3","18352899"
"129","1001174","Susobhan Ghosh","6dded2a6ec3a6dad1a5f6a4064a7245881301418","susobhang70","51","38643499"
"130","1000295","Chris Sherlock","f39e80293ae1cf59d4d21aa9a1fd0cea2e81044b","tbsdy","471","128823089"
"131","1001333","Yan Pashkovsky","ef5d3a84d820ae9910612b001bc9b6d046d982df","Yanpas","9","25627568"
"132","1000042","Riccardo Magliocchetti","c5e1cf67dd4fadfab30b35670b63423c1a857909","xrmx","43","134678509"
"133","1001077","Oliver Specht","4bae8cd3ddb15763850370a7a24c362167f4f461","os","123","49348005"
"134","1001383","Zenaan Harkness","4d9de514f6f1e56501e4d196861b22ee3d29afe8","zenaan","1","18749530"
"135","1001337","anwilli5","845ce96df5248d73f0d064accd9ac12f1d652df6","anwilli5","3","25433993"
"136","1000880","Vasily Melenchuk","07c33a6a184835f52d0fc09e70e70f1f32636fa1","vasily","30","68176121"
"137","1000020","David Ostrovsky","f0c128594d8a9e5b9a985c0d3d126c7a8dbe966e","davido","233","154633144"
"138","1001113","Fabio Buso","c71c8b2322738006d370717b05dc093444456e9d","SirOibaf","7","45679680"
"139","1001374","Julian Mehe","c53e906adcdaee9f3845cb1ec44439e5074ea557","three-comrades","1","20272096"
"140","1000270","Matthias Freund","b499ec73fabca4c21b683c5bd9d7cd15fc6104fe","Papamatti","116","130252656"
"141","1001372","Johannes Berg","9a7de900a741e9561d2ef74df830be070401c3b3","jmberg","3","20379689"
"142","1001176","Arul Michael","a08d6d06e627789730f24398dea4598e6e5f6f65","Arul","8","38628211"
"144","1001280","Jiri Burant","25c6c24acfd7d740bd4912be15973440b3b6e3a3","JBurant","1","30729513"
"145","1001279","marian scerbak","0b88ab210d9185bbf0bece4c07ef837a5e53d5e7","tymyjan","16","30986701"
"146","1000779","Juergen Funk (CIB)","cc8a5ab718f56e8aa30a3d75217be6e0b3adbf17","juergen","76","79592214"
"147","1001256","krishna keshav","05bb7cbf733fcd3ab68bf71b6665280d7dc57af0","peace","30","32571779"
"148","1001302","Mark Page","a4967dd4796763d9860d1d5b544911bad03fcaa5","rombust","38","28776611"
"149","1001220","mechaxl","8a59d0bf4217e74e533f57163578268dc68aa0e0","mechaxl","5","34683384"
"150","1001272","Adam Kasztenny","da9090132783e423e9c1e16c1f04f458b1d9b563","slideon","20","31584701"
"152","1000697","Maarten Hoes","3eb8577160003bdc1c653737a7edb840c6eff76e","mhoes","39","75131818"
"153","1001099","yeliz taneroğlu","a42f68fa9659abd79bbe74f5a2b353b1e33d0e79","yeliztaneroglu","31","46709502"
"154","1000605","Bryan Quigley","2497e92b0cb393f75421f0d5e0b333aee1e19a6f","BryanQuigley","38","100684012"
"155","1001354","Otto Kekäläinen","20c17ab6257b9b562a1787ee4d1f062ebcb3d9ff","otto","1","23045929"
"156","1001327","Apurva Priyadarshi","d252b59ceede2671a5d5cec4386ec70d922f39bb","apps","9","26243847"
"157","1001238","Aleksas Pantechovskis","3204acb6d661992b35b6d4d700c02b17897a0bfe","AlexP11223","26","33599947"
"158","1001322","Prashant Lokhande","c9afdc2e3076a97773e3e6cf00ec4fe8c5fae985","Prashant","1","27112375"
"159","1001159","Stuart Swales","4868d1f319ba7d6280f05c376217a72ed3bc486a","skswales","10","28052313"
"160","1000911","Varun Dhall","5faf3ad8a3cf9e14d004a4f6866ead7b373ab207","varunvd1994","44","64890214"
"161","1001043","Jorenz Paragas","644f39f0c0284980a7917f74c6fece954f383c95","Jjp","28","55586990"
"162","1000609","Vort","abc3e235e534c031423c45f6773ca81027148d3f","Vort","25","100326485"
"163","1000103","Albert Thuswaldner","af6f7170f659f99563fa952e60f24d2a065f0727","thuswa","49","144765298"
"164","1001342","Aparajita Haldar","5a74caaa80f40e5b40cbf843477135670e2fa50e","ahaldar","1","24792097"
"165","1001248","Mayank Gupta","467d9cbd20e0392266414c213ce3c813c76f6adf","mayankgupta","3","32925728"
"166","1001172","Dipankar Niranjan","cac9e00ec81b4bcd96ab10c058e4315367f33994","dip123","42","38643599"
"167","1001268","Gleb","e5e16d44224bfd55f20e9b3b60ae8a14356e6c92","glebmish","1","31966958"
"168","1000826","Richard PALO","040925f2fb5f468ac3da2d298cea08e1a71c9288","risto3","20","75063690"
"169","1001030","Rosemary Sebastian","08dd3a584dae97ac2b349ca6dc2ab7f4d2126f88","Rosemary","65","55563705"
"170","1001331","Michal Kubeček","2314ada70681d3636bc3bd20639391d1e2800790","mkubecek","2","25716467"
"171","1001328","sam tygier","87cf9c3a8b5fb9cfc17ef3e670b7bbefe05488c7","samtygier","3","25938746"
"172","1001133","Guillaume Smaha","3f793efa0076b7233e77b09034f119bebe567ff7","gsmaha","16","42327741"
"173","1000922","Phillip Sz","2f8839b18deabdc80736e96efa0374bedbb639b9","Philli","11","64080152"
"174","1000227","Rodolfo Ribeiro Gomes","49851b7ab7386f52fb4836905a78db4598b99fc2","RodolfoRG","33","135025263"
"175","1000392","Tomofumi Yagi","12545f2d45bef69de4adfa8332a84603d024a255","ytmknd","22","116638900"
"176","1001234","Steven Guo","1b3faee3619d2c15b52ae68bcaa08be4b2a52293","stguo","7","33700036"
"177","1001319","Helena Svobodová","39d8374a79d2f5887e88b0875ec1e941b3f3c54b","HelenaSvobodova","1","27104809"
"178","1001166","Faruk Uzun","7e112c95b903fb68a8da772c4be18d1d9c47c33d","farukuzun","8","38679622"
"179","1001222","Matus Uzak","3adfbb75a0b9cd1d9bc2a2d12b1816034f149d0c","uzak","8","34458524"
"180","1000789","Michael Weghorn","fb3153e5df8f3d4b5c8effc69ea4a083fb43096c","michaelweghorn","65","80193081"
"181","1000017","Tomáš Chvátal","cd5cad850057203da26fa600cbaa42b9f1cd08cf","tchvatal","32","137644194"
"182","1001101","Feyza","71ba673d1627c463353c894b57f7023df293597c","feyza","15","46625805"
"183","1001221","ackepenek","d30b6bdee80ef47bdb630e3e9da72b4ec17753cc","ackepenek","2","34591472"
"184","1001152","Peter Toye","8da3196335c833a58a3a19ed23b75522067b3546","ptoye","1","27824912"
"185","1001251","Tim Eves","97fe95232e8a7ccd6a625eceb66af31ffca9c706","timseves","4","32249669"
"186","1000790","Giuseppe Bilotta","857327e5d95480feb80681692c63544a9c5d32f1","gbilotta","8","80271142"
"187","1000094","Matteo Casalin","9fc10d3d35aeb2dca9bc7d026abb744fcfdf1b38","mcasalin","157","148671679"
"188","1001151","pasqual milvaques","5367408a36f0f942f1f537c785ab55e60e9709c6","pasqualm","10","41482076"
"189","1001201","Erdem Demirkapi","0a564508c77e46819841ea4417396f0142592e96","erdemdemirkapi","14","36454298"
"190","1001161","burcin","f875b2233180d4bb1165c6e91c9f9f698eda486e","burcin","8","39979047"
"191","1001276","Seraphime Kirkovski","105943679a6ebcc3ecc7942668113dec53a28864","Seraphime","4","28944477"
"192","1001188","Haidong Wu","04900d504ec7c28608f6a11a1f6abc3cccb83fff","HaidongWu","1","33122797"
"193","1001032","dennisroczek","4dfde65a518154ae4011acda50809a58cf4727b2","dennisroczek2","10","56732303"
"195","1000775","Stefan Weiberg","4f1fd9f19c61e5c62297dc21a56cbe61fb709110","stefan.weiberg","13","81390127"
"196","1000793","Ryan McCoskrie","ca96fced3f435aae30732a83c8557da7f75fa24b","ryanmccoskrie","16","79947367"
"197","1001209","danielt998","6f59e3366db07a199c3925cfc4cdcff20c55c146","dtm","4","35388609"
"198","1001094","Berk Gureken","1ac9a2d718903e9be009db18a85b48e40f3ec3e4","bureken","8","46920551"
"199","1000534","Jacobo Aragunde Pérez","29c9a58a5d081aaf513cf4803548dcdb94b254f0","jacobo","45","110481840"
"200","1001157","Ricardo Palomares","5c253164777a11bfff5915b95846fdae3756d762","RickieES","3","37640619"
"201","1001245","ApachevIvan","f0b1e39be8474f7e957a5b785fc331d81a56405f","apachev","1","33100571"
"202","1001217","Chirag Manwani","f7f756f720f32819d6396161fe76853f8fd448f8","cmkmanwani","12","35064912"
"204","1001097","kadertarlan","c1dbf851cf276bf590cc0b2c8165100628584653","kadertarlan","31","43588418"
"205","1001154","aqcoder","e48dcec19f4e8c409d2dc142b8ccaf4548f46ea2","aqcoder","3","40516556"
"206","1001262","Gurkaran","f47156088691b004679bcee77d828588eedb93e0","gurkran","4","32370471"
"207","1001197","pepp","ff209eaba4a3d2e1fd000a4361c1e713bbda76ae","pepp2","1","36695760"
"208","1001266","Alexandru Moscu","433d4c8d993df59df739d152125ef20ace9d2e1a","ploxiz","2","32286658"
"209","1001252","Mohamed Thabet","9b3078bdb92b77c079146b127b1c9398387ea965","thabetx","1","32714507"
"210","1001255","Dag Wieers","8c3e0921277909bd45691ab8f239752395fabd84","dag","2","32709221"
"211","1000409","Björgvin Ragnarsson","054f4f020cf98aadfc4695c34563717b09538f6b","nifgraup","16","122306825"
"212","1001223","Stephan van den Akker","9e5d177a6d99a2c0eb33ca5021025d1987229e44","ijzervreter","6","34394431"
"213","1000376","Anthony Youngman","afd3f88d81f958832e524a98617435070946d2ce","Wol","3","123652669"
"214","1001224","baltasarq","2ce80b9b0419915ac931a278a9ea24ba5c643df7","baltasarq","6","34386190"
"215","1001229","Hank Leininger","af3b766d5dbd41548e4b09becc2466df24f594b2","hlein","1","34080393"
"216","1001104","Sedat Ak","37aca8287582f5d8f868cf672b930e01a9fdbc42","sedatak","13","43804865"
"217","1001103","Sean Young","6b65752a4af579e33d360b6c750329f7a5ba4e64","seanyoung","6","44809417"
"218","1000728","Baptiste Daroussin","630347cd39ef772a7f2008a18979d72c3964d0de","bapt","15","88199464"
"220","1001153","Maya Rashish","b2a2d6776ac3b6e8150c2bde690482a98f91bc46","coypu","6","36190541"
"221","1001228","Emmanuel Gil Peyrot","f6b290e499c1abbf3c0be73082d62591f2a67e59","linkmauve","2","34271344"
"222","1001160","Özcan Esen","e988cc144612c473ea5338d7afdcee8b3303f74d","ozcanesen","10","40677231"
"223","1001093","aybuke ozdemir","ed45be6c854921bf7a2742c36fdc278e9057fd12","aybuke","13","47007785"
"224","1001117",\N,\N,\N,"5","35388365"
"225","1000064","Christoph Brill","31a490a8f5e0d0afdde8c45ea2a42c649e6a7c44","egore911","1","35559589"
"226","1001211","Rico Tzschichholz","6c8fb8556eb6e257c92e66abd5b3c5f8b4c53b10","ricotz","2","35597867"
"227","1001196","marcbessieres","e1725a4bb0c4efc84087d8986589dee304d29bb6","marcbessieres","1","35738996"
"228","1001175","Kumar Thangavel","0fed9380a18b8b12bb95f28ed2e909c2bf3391b4","kumar","5","38704957"
"229","1001132","AlexF","b184e0f6523e4cb67b24e393453ef0ec5671eb58","AlexF","3","43324123"
"230","1001087","Peter Foley","b74bbc0b1b303cf54052eba6b8526ec48624d39c","pfoley","36","47920161"
"231","1000005","Fridrich Strba","2fdbc430cd32ad5aa053c5bf583c932fc5dc2d56","fridrich","141","130278558"
"232","1001177","Yogesh Desai","ef5d314d6d2dd0be5b55472e7c69de842442ce7b","Yogesh-Desai","2","38599197"
"233","1000078","Eilidh McAdam","4766f3623de945d647dbd8f9dce5038839f22a80","tibbylickle","15","132688637"
"234","1001184","Nusaiba Al-Kindi","9e843ce6ea1318a8a7047874cee218585c2424d2","Nusaiba","2","37919209"
"235","1000981","Philippe Jung","1608ca45e31149c713b3239a0ef37cbfbcc8401a","PhilJung","63","60558752"
"236","1001137","Keigo Kawamura","c3d6fa43ae3e9534be5202af9eced4f5da1f1d52","KRiver","4","42942917"
"237","1001185","Shubham Tibra","34e6dae5a6c93c23ddfd4d5d4b728db77ee22ea6","Shubham","1","37655636"
"238","1001180","Tom","e12c2c8f7b54b5e8383215a038dfb3df528b4ebb","Tom","1","38435847"
"239","1001100","Sahasranaman M S","64d547cf9cacd1e91857a0ac9ba85d5fd99b51a0","Sahas","4","46649486"
"240","1001182","Debarshi Ray","856b28be8ddcab6672e2942de36a80e2d1eed867","rishi","2","38344235"
"241","1000560","Priyanka Gaikwad","0699c3e9febf15054383b2515cb6c1513d12ab5c","PriyankaGaikwad","40","106377472"
"242","1001044","Daniel Robertson","cecafda3f1fb9804d266a47c2280a9c37a94a17f","drobertson","55","55340424"
"243","1001171","Johannes Hauf","dbf77eefd5e2f6450bec79b5604874c5a625ee51","Johannes","1","39038386"
"244","1001168","Sheikha AL-Hinai","96c18676e085ee70a076cef21556181cea4e62cd","sheikha","3","39317571"
"245","1000120","Andrzej Hunt","969d9bb977fb37b58016c43bbdc07ca0c512c363","ajrhunt","154","121278767"
"246","1000951","Benjamin Ni","fb640fd20d45eb82062ce63527e3d02e9b8d770d","bennw","20","62627609"
"247","1000934","Popa Adrian Marius",\N,"mariuz","12","63491715"
"248","1001167","rezso","3c673a3aa88cd0a9e7a7ed8a81935d2730a5501c","rezso","1","39493556"
"249","1001006","Marcos Paulo de Souza","950f73212db915989c6051d675b1d47029d6767c","marcosps1","5","44108827"
"250","1001138","Mariusz Saramak","87c488846f6e5127fbab8be94e43a63aababd9cb","mariopce","1","42987711"
"251","1001061","Fernando Pirani","49c8d67592bd6dd38eb826e858b3a77d69e41fe6","ferlodev","1","51920194"
"252","1000646","Mihai Varga","4c85e893b4b91b2d105467ed409f36a31fb726e3","mihai-varga","32","97080786"
"253","1000130","Rene Engelhard","7ceb688d6f2169869f27be2e7277968e0a32e01b","rene","6","129833229"
"254","1001148","Pierre Sauter","f8e746fa24d06980d38ca7aaec681fb55492e808","pierre.sauter","1","41619725"
"255","1000001","Florian Effenberger","57617f2d11647b2b66d094bcfc31d3c85f982149","floeff","1","51932699"
"256","1001143","willianbriotto","dffbf2c08afd82df58c10e3922530a82f833d0ad","willianbriotto","3","42389714"
"257","1001147","Paolo Bernardi","41a4f6ceab3cc5fe48423ec2e1f77d849b0b5c58","bernarpa","1","41720705"
"261","1001142","rettichschnidi","ae368d38530c8c5c33ddbffffa06b858aa9be632","rettichschnidi","1","42581461"
"262","1000247","Laurent Godard","ac7df8acc962d280b3999ceeaca9f22961b207dd","lgodard","78","132187341"
"263","1001140","alexey.chemichev","e94a712b4a06c9d1f8425d25637bb0ac01aae071","alexey.chemichev","2","42746689"
"264","1000543","Yogesh Bharate","722917d2f35f9a26f0430a6b1dc1f38d621ebb19","yogesh.bharate001","37","109118030"
"265","1000032","Christina Roßmanith","200f8b58e9ceb3576ec9ed1e0ce3ca8463c1c4de","crossmanith","90","133548937"
"266","1001110","Mario Rugiero","2411347f9524b08c0ed982e1e85740a4751c5d1c","mrugiero","24","46028963"
"267","1000501","Tobias Lippert","7f4080c4ecd7f5f3e0552f9641bb6e5e5867979c","herrmarder","43","114103297"
"268","1001095","ccsheller","a9b53c4ee1b89dbe1a6391582e7e5cbcce7eb902","ccsheller","1","46339268"
"269","1000824","Łukasz Hryniuk","402ddaa275129acd2374ea2ba800029bff9ae424","lukequaint","28","70390441"
"270","1001120","Simon Steinbeiß","faed4249d2640f1743844c2ee5feef49344e3f7e","ochosi","2","44753358"
"271","1001119","Serge Krot","68d7b7f3eba8e8648bb3d841e0b08af0a821fbb2","serge","1","44831602"
"272","1001067","Timothée Isnard","26b0061a71e7defc96f1d1778422919fe27444c0","tux3","3","51630053"
"273","1001115","Aristomenis Georgiopoulos","e9b298bf5d47bc5dbea6e5e55cc6b70adda241ee","marstay","1","45438074"
"274","1000771","Matthew Francis","c853fce896cc909b4676e8272e390a9ddddcd8a7","mjay.francis","56","81679429"
"275","1001107","Slávek Banko","096e32db1f9fa337c6964b67f16f5aa201032c4e","slavek.banko","1","46138035"
"276","1000317","Luc Castermans","a55c52cab6f0076f4eaf8cd0e3f3bcd2b1475818","casterma","33","128395836"
"277","1001091","Joan Paraiso","2b48341b38ef8958cd356fe6d5e3487271df52e2","phora","1","47445225"
"278","1000233","Joren De Cuyper","01eb50a8f31608420fb3c00ce7b3d3394b7e551a","jorendc","182","134050467"
"279","1000924","Stefan Heinemann","7e5efb4ddf6791caf5209ed30863e4294251dcf5","arsenbonbon","3","64018880"
"280","1001082","N Pearson","236001d662ceb62e2cf55c4ed5a4cf84dd66e5fa","n.r.pearson","5","48804792"
"281","1000085","Nicolas Christener","d5e2c88bd2d22a5d3930d295a25b799e0ae1e468","nicu","5","114987149"
"282","1000665","Michaël Lefèvre","add807f9c3db6eabcb50c537fdb22824721a610d","lefevre00","51","95547750"
"283","1001085","Fukanchik","aeab9a1f22a2d239a07e4b12b53cc718b9a3e345","fukanchik","1","48168261"
"284","1000660","Matteo Campanelli","a7f5e83e0dc620b0b19898be8b4d7df0246d733c","matteocam","11","95910887"
"285","1001071","Derrick Rocha","71bb961073e1da7889ba5c1632ed67963b4f4476","drocha616","5","50166044"
"286","1000944","Matthew James Nicholls","0b8c1bfc5930b79eef477cd9cd0aee95b8b414c0","mjn33","3","62471695"
"287","1001081","Yargon","5eb5999041200dcb7d34e394bbfd5b08fd59560d","Yargon","4","48871993"
"288","1001074","Lucas Satabin","73b6f53116be84cd17d94c6e59dc3bb911a8e670","satabin","5","50080624"
"289","1000024","Mathias M","3c4ce6d991acd9086d6db0616b3ea52118c4d017","mat_m","18","140368313"
"290","1001073","Oliver Brinzing","a4f27bffb586928915c2e323c9ad971185f8b6c4","brinzing","1","50343698"
"291","1000065","Noel Power","ad473ee366683899c58e7d90aa28d7a8c8c3680a","noelp","68","133391260"
"292","1000866","Nathan Yee","e01de5b4863df4a49af0d59c59c1563200d6a6fc","delta-nry","8","70478618"
"293","1000058","Philipp Weissenbacher","5ed89eaf889e48bfca6b09dae7bb3fcec2cd119c","pweiss","67","140191501"
"294","1001010","Manik Malhotra","5c9bfdfd081f55ac6847c27ea149d2a231796f4e","mmeof2","1","59442048"
"295","1001065","Ian Gilham","2bc55edbc5d15f5e8d68b612eda1e2a387d253c5","igilham","13","51742388"
"296","1000380","Anurag Kanungo","23afd2014b6294050d379bdeb5d2c7b8d38335a9","anurag_kanungo","173","124173409"
"297","1000304","Christian M. Heller","f98c32e47c8990bcc5d80433b68696a591f4bdfb","ChrisHeller","37","128265036"
"298","1000464","Mihály Palenik","cc173eb5528a859947e7b3bc27e07389f13ba75f","freetank","56","117052467"
"299","1000521","Jean-Pierre Ledure","3b0603305639dffa7bea8df39565983c6e2b9dea","JPL","22","109046470"
"300","1001019","Michel Renon","3902c52b1508ac58acc828040a07c7ee4722b05f","michelR","7","58568585"
"301","1000751","Matthew Pottage","3c22ac9a7d4b121dec37526a0596727c328bd380","matthew_p","10","84221598"
"302","1001056","Raj Natarajan","2811da99fc6b6312db7bb7c2620f8725bdf2cc0f","rajnatarajan","1","52790705"
"303","1001045","Marek Doležel","df4a25435aefa0466c941fe5e019e0b936eb6c51","mdolezel","4","54434820"
"304","1000292","Krisztian Pinter","afa8bac58bcef6cfdd05c6e07894024d2d814a8b","printer","77","129419968"
"305","1000618","Ravindra Vidhate","0e14dd6acd414824d5734d6aaf4cd57c66d2d971","Ravindra_Vidhate","21","99534550"
"306","1000864","Efstratios Kamadanis","3cdedb67a1cb4cc90b5b489d57ad611e10af3981","StratosKam","5","71340959"
"307","1001052","Carlos Luque","251efc0ebc3f8155c866ca65677f924173d48915","carlosluque","2","53575015"
"308","1001051","Heiher","bb92d35f0ef3a72bc95545f0e77dafeddb39a7d1","Heiher","8","54275824"
"309","1001049","Simon Long","17a2504161ef3799b919b049e55b440d3c8c3b51","spl23","3","54255881"
"310","1000758","Deena Francis","0075c1db64f133472a284b05bee66136cfa5dc33","deenafranc","8","83953811"
"311","1000967","Heena Gupta","50a031d3fef6965eccd186bc48fa2e2d00ef00df",\N,"17","87622073"
"312","1000958","Brent Ritzema","cbac8d4aab893223420936b63718d67925c844e7","ritztro","3","61890979"
"313","1000237","Jesús Corrius","d108a73016da5fc036aa4946b9e6d8a9298001cd","jcorrius","27","133303362"
"314","1001033","Antoine","417ee3a477b1dad536f942798c9f66cf4acc3243","coeur","1","56637336"
"315","1001017","Mox Soini","0b691c2b1e05483ddecc0f2cc2c399164fcb3eee","mox","10","57341044"
"316","1000872","Zsolt Bölöny","5fb2c0648feeca6a41b8103e70c017be4f3d95dc","yzsolt","16","69708477"
"317","1001026","Umair Shahid","6a64f3449d98095efa2a4303ea49baf5d1a67c1c","umairshahid","2","57697103"
"318","1000730","Robert Antoni Buj i Gelonch","f2215593ba9ba99adf100483110444d0c8f3f01a","rbuj","294","88107664"
"319","1000983","Thorsten Wagner","a6eca4b1bce9a51486d15707d5bd9c9223d66c3e","twagner4","3","60784459"
"320","1001023","Sam Tuke","69911c528649f0f9c76dfecbfd64f20caccf3cfa","samtuke","1","58403673"
"321","1000723","Jens Carl","bc44a5d95f09375a537ce054ad8f1e1801951f4b","jcarl","19","89356540"
"322","1001004","Yurii Kolesnykov","9475b26c9f888fad9916ca70623fb64921cbe3e5","yurikokes","1","59365140"
"323","1000950","Sujith Sudhakaran","e3394c81a66fffbc76f141e89755e2a7613bbe7b","sujithsudhakaran","1","61682673"
"324","1000995","Massinissa Hamidi","eaf47b78a601f8364cedde571c3d842c6e51ebee","massinissaHamidi","1","59659648"
"325","1000651","Trent MacAlpine","db620c257b6fbb19c1d3b4c33c56e31a1622d496","tmacalp","12","96538642"
"326","1000640","Charu Tyagi","add7385b227c4627231abcf83c323b98a5ed000e","Charu","14","86924283"
"327","1000780","Tobias Madl","467b3df76e13f80f3cc7b89b6bff940f0c7e5813","tobaem","14","79820437"
"328","1000980","Andrew Dent","4cb70710a512f2687dc34280781a691fc75126c3","ace-dent","2","60956712"
"329","1000841","Christoph Lutz","1cdb7378a9894f65cda7d8349db07e4669fc22ce","clutz","8","72996528"
"330","1000925","Andreas Kainz","1c03bbbd42fd5aad3bf76371efedbf1664bc75ea","andreas_k","33","63125607"
"331","1000107","Ioan Radu","5a7c965e66b64b7f50b90e261f515c7e4dec6f62","RaduI","30","133788637"
"332","1000982","Linus Behrens","db0ac745ceb5e9e9d0e1a83853b7278d4f3ae15b","linus","2","60816244"
"333","1000961","Scito","b77226291ccd8e1ab86cd31efbff86fe8f64a730","scito","1","61700957"
"334","1000542","Sushil Shinde","2bcc52dabf20e55aa71848a764ab98c52b0b900e","sushil_shinde","34","108263355"
"335","1000993","Aleksandr Andreev","18c5dd3624d63fc1fe554c49274f40f729d26c87","aleksandr.andreev","2","60566663"
"336","1000940","Austin Chen","58ca4e4690d4fc7bc794129543fadad788e5b0d5","austinc88","2","63338403"
"338","1000625","Andrew Dent","4cb70710a512f2687dc34280781a691fc75126c3","ace_dent","20","97197138"
"339","1000165","Harri Pitkänen","52927b96aa091fc3cec84aa50f8fccf23be221bc","hatapitk","7","126547112"
"340","1000913","Gábor Dobra","a7cf3ea733da1308e7e648a5321e20d50c91aff1","dobragab","3","64797858"
"341","1000861","Clément Lassieur","13f87672cc6e5a90d05ea12f3cdbbe001e3f35ff","classieur","3","71438588"
"342","1000952","Jorge Mendes","b8cd1f20399bc8fcda13c33cda501a6667f02fdd","jorgemendes","1","62600838"
"343","1000918","Laszlo Kis-Adam","47e8276511d219cc3826704c51addb72ba7e4bc4","dfighter1985","3","64436716"
"344","1000905","Robert Babiak","967b0826e9cefb082ef0da4c166360ae6629619f","Sarflin","1","63293309"
"345","1000932","Nikita Uvarov","e642e787a907ae0c007c9a9afa71d8fe240e1d43","uvnikita","2","63564471"
"346","1000067","Jack Leigh","778015a7cde7eb1473a202e6059d908c8ea9f4e3","leighman","11","136469372"
"347","1000907","Piet van Oostrum","d066db57a94d755c5acadbf41f2c5b78899cd665","pietvo","1","64446159"
"348","1000930","Michael Horn","ff1c81b695778c9a66539c185f1310b772ff9198","hornmichaels","2","63714555"
"349","1000915","Jingtao Yan","e12c2c8f7b54b5e8383215a038dfb3df528b4ebb","ACTom","2","64481093"
"350","1000377","Michael Dunphy","956cc2c39afaf85c9d2cc68bfa4f59c79696f475","mdunphy","13","124365813"
"351","1000914","Karthick Prasad","d58308efc4157ce31936d468bb211dbf3040c7b9","karthickkp","3","64562197"
"352","1000098","Pierre-Eric Pelloux-Prayer","ff209eaba4a3d2e1fd000a4361c1e713bbda76ae","pepp","42","143259122"
"353","1000909","Swachhand Lokhande","1ba6fe500344862ddb6af83ce127bc6883e5dfa9","swachhandl","1","64881634"
"354","1000229","LeMoyne Castle","6faa7ef18f98f8fe3565e5c9f1949b5ae98f42fb","LeMoyne","8","133817273"
"355","1000870","Rimas Kudelis","9e52f9e0eef95f8f0a5dc7377e1fbd3bfa8db283","rq","4","70038565"
"356","1000673","Chris Laplante","2c8ccf30bbeb4c57783bce3ec3d5f837fc77c1d5","mostthingsweb","17","93779692"
"357","1000778","Michael Jaumann","b1bff7210926bb36a37d6ccf1131cb397012d10a","Meta","17","80457682"
"358","1000895","Sailesh Choyal","f52a5b131db6848aeee11cf8c9b04d3a5a255838","gamebusterz","2","66162626"
"359","1000726","Jan K.","7cccbccadc7f618914496872b17bafac14e213ff","jab","5","88056306"
"360","1000889","Ursache Vladimir","7405de8c3f92ca88c9a3415f92a8fbb5240a3362","ursache","10","67015187"
"361","1000894","Timothy Pearson","8e3b11fbbf62b6b65464bb584de0b5563932f1d9","madscientist159","1","66326127"
"362","1000186","Marcos Paulo de Souza","950f73212db915989c6051d675b1d47029d6767c","marcosps","183","141508534"
"363","1000776","Daniel Sikeler","99a757a3214ec490a6647a04dfda307cf21501b0","Sikeler","28","81388593"
"365","1000092","Luboš Luňák","310375247828fed956a0f4f0e6c6572df8c21222","llunak","42","134695980"
"366","1000881","Kishor Bhat","2271dd4dbe87d57d7423524376f84104e111e4d7","kbhat","2","68155949"
"367","1000047","LibreOffice gerrit bot","92114a4f8b1174128cdeb2b98d05a726207b6715","logerritbot","6","145952308"
"368","1000748","Juan Picca","2cf3928bc6d2c6121580d5096fa4774e8fbf8f01","jumapico","17","84531747"
"369","1000267","Maxime de Roucy","3d84adc29c79ae5d1a130b4ea769c220521d901f","Maxime_de_Roucy","13","130281373"
"370","1000879","Simon W","513cb2e5767e636c43fcf5412dbd35876af17e7c","simow","1","68555509"
"371","1000877","Peter Nowee","1bedfd1d860b351dfd5e77ba1f39986a921afd89","peternowee","1","68625016"
"372","1000767","Thomas Viehmann","2b298fa95ecab20f167689b6609eaccf4c279d79","tomv","5","82562273"
"373","1000859","Gary Houston","c58c86bcc677850fce9d896a48acbfb01a47e25e","ghouston","1","71557866"
"374","1000873","Darcy Beurle","908a4f0628de207611d54b1b8fd87ed600f7138a","dbeurle","5","69666845"
"375","1000869","Laurent Charrière","283a0eadaacb48a609a03816a4383ebab3710731","lcharriere","29","70042059"
"376","1000837","Foo Lai Choo","35d60fe8047a7e22fc191fa08ae62fb5c4ca7054","fchoo","1","73227239"
"377","1000857","Mark Williams","e0e52b470de06847cdf59753a3e7c8a130e8d87e","markw","2","71765681"
"378","1000823","Kevin Suo","15731574da3429602488abc756fd7ed0529ab24d","suokunlong2","10","75348783"
"379","1000862","Pieter Adriaensen","6ccc14a213877fd02ec272e4db56c453111ac7dd","Pieter.ad","1","71454868"
"380","1000615","Andreas K. Hüttel","45deda118ac4ab26a49be002b9e83c9e7259afb8","dilfridge","1","70235153"
"381","1000830","Renato Ferreira","2cb91b2f5afa29002d5c787d7f8166aed3026c53","Renato_Ferreira","3","74587611"
"382","1000777","Jennifer Liebel","2cafca9695702af593b5a4febb2cb066bd5d8148","jeyli","14","81317070"
"384","1000843","Supreme Aryal","47b057c7cdcdfcb1fef0945cbd2054ea2449968c","supremearyal","2","72939378"
"385","1000257","Vishv Brahmbhatt","6c609464d5e47ecf1467f323976d19ed1e63edd3","vis19","6","131214663"
"386","1000138","Thomas Arnhold","d1026214a78389730c5e16deba0876385ae21a15","tarnhold","123","145320811"
"387","1000671","galbarnissan","aed15ec60695915c4738e98a28fbcc4011d879a9","gal","1","73016508"
"388","1000231","Aurimas Fišeras","6e842c462b7f53bd04420c5c625d803a006ca957","Aurimas","17","134441645"
"389","1000749","Seyeong Kim","c31f9b3c085902fc5e4f637e111ee38d4e24c66d","seyeong.kim","2","83894436"
"390","1000833","Jonathan Riddell","308f7df432b8d64a5aa595089eae278d268789e0","jriddell","5","73932023"
"391","1000831","Hidemune TANAKA","e90b9f9603abbea099f6b4fa35dc212e1b66c442","Hidemune","1","74346570"
"392","1000585","Naruhiko Ogasawara","c60602c73c3f4099538d9790b2f2fe2587624f0c","naruoga","1","76320275"
"393","1000822","Brij Mohan Lal Srivastava","efc4aa41ecb487f8acccc2c4b24ba44f36b8211f","brij","3","74799917"
"394","1000737","Hideki Ikeda","8a536107101fc118f36e8bc6afcaabfb214684d1","hideki","2","86946622"
"395","1000820","Victor Sanches Portella","526eb579fe2d29ceed7ddcc7380c0975e27c8369","titibuga","1","75400065"
"396","1000787","Boris Egorov","94372786f1e934c425803016b1d9da0a6835ed09","jightuse","2","80415381"
"397","1000799","YiiChang Yen","24229ad4bb6f524a301a9d0096a69140aa1b4aa9","WindYanOSSII","4","77182598"
"398","1000039","Bosdonnat Cedric","d93e8ee09380b12a0635bc248ac31221c22bb172","cbosdonnat","76","148695918"
"399","1000812","Paul Barberi","1280c7a2ede59d16dd3378a432da871478612bd8","PaulBarberi","1","77049014"
"400","1000389","Adam CloudOn","0d811f9f736374e90c68049312579b7127c9deb3","Adam_Co","102","123453416"
"401","1000685","Yang Zhang","8929d957897b3d44ba407a467b60f6a3889d14c8","YangZhang","33","84343596"
"402","1000123","Arkadiusz Miśkiewicz","bae840f83030d7c43a3da90e5b0e5b5159656e6e","arekm","2","77726264"
"403","1000172","Peter Foley","c50e3b12f56e9b863a55bf6878a52076d4b8a95e","pefoley2","52","134483752"
"404","1000781","Xukai Liu","c3887b1066747e2f97f7164ec8f5f53810844e74","xukai","26","79579988"
"405","1000807","Mathieu Parent","7641ae0aa8dfdd30382534c9ca0c84894aded710","sathieu","2","78284452"
"406","1000354","Efe Gürkan Yalaman","3dcc593a4a121dba935a1d46cc5b5f7bcd0b04a0","efegurkan","11","125876566"
"407","1000597","Ulrich Kitzinger","cefd46aac55e59b1476af9dae97f82db23f821f3","ulkitz","4","101008392"
"408","1000792","Lim Jing","003cff49a60570ed534f835d6d1560fbf4469cf3","Phyzer","2","80037862"
"409","1000794","Babu Vincent","e7c5981e0bf41b8dae94326da5ea6550d1d2bb3a","bavincen","1","79497988"
"410","1000791","Marco Lechner","4369880801d0e0e6f4ca38231a234f8f3135300d","mlechner","2","80176754"
"411","1000547","Nikhil Walvekar","09f1389eeb493c3c1000b970dc76bb2ae102734b","nikhilwalvekar","17","106983392"
"412","1000274","Vinaya Mandke","eba4db95ba84eaf61e284fc7183e529dda8e74ed","Vinaya","41","130280999"
"414","1000275","Pallavi Jadhav","b80ca358a7871c55ea58b3a5d6bc885f6e76e008","Pallavi","32","130278926"
"415","1000531","Rohit Deshmukh","02b44047f2487bdaa44c880b2cf9e5703109d520","rohit.deshmukh","24","110078883"
"416","1000745","Jan-Henrik Bruhn","bdc9e8c438490e73067a3898858d7022ba8776bc","jhbruhn","1","85780242"
"417","1000507","Rachit Gupta","6e17fc0af24602f15bdfa69e94389b1da9b55f79","r4chiit","14","100575142"
"418","1000759","Heiko Scheidt","d6d79380bede751585df7c84e9d54012a28fba60","lohsol","3","83550350"
"419","1000732","Norbert X","55c0296d7c5123a6118990dae1545f22298b0d24","nrbrtx","4","87946388"
"420","1000760","Simon Danner","08242845c2ecce45cd96ad5ff80d537862cf132a","danners","4","83604777"
"421","1000599","Umesh Kadam","d4a78e20340c740e78a05e1de1f036a674bc36e8","umeshkadam","19","101262945"
"422","1000530","Tushar Bende","7c2651e295696b21cfc428728a335a0510ee793f","TusharBende","23","110329552"
"423","1000044","Stefan Knorr","ddcb4d9059c5301ac1d8b870de8c771f91317d7b","astron","14","149379732"
"424","1000218","Alexandre Vicenzi","76b68c446d1bb708a0369d566b9b8f229cfc1eac","alexandrevicenzi","49","100867923"
"425","1000752","Jeff Stedfast","06cdedc3fc4f49847f1364bcdc99537380655305","jstedfast","3","84211704"
"426","1000753","Martin Owens","d14a6f633b1d920672fe55f4f1d0788857eec857","doctormo","1","84184166"
"427","1000509","Miroslav Mazel","ba05c53a3a4c0dec2059564d9f60aaf9a851934b","mirek2","7","113446637"
"428","1000655","Alex Henrie","4835a821c5116c8f996aedaff6220136278503e0","alexhenrie","4","96470761"
"429","1000629","BisalNayal","abaa28487ad80aa9ceeb2211b80a3c16f19de45c","BisalNayal","3","91143553"
"430","1000658","Dinesh Patil","0a378fcc9dd67fcebd22d27ee61ffdea7d448ed8","dinesh_mp","9","95967441"
"431","1000158","Timothy Pearson","8e3b11fbbf62b6b65464bb584de0b5563932f1d9","kb9vqf","5","128873313"
"432","1000742","Fahad Al-Saidi","050a45a32569d93c537a24cfeed360fe4e733547","fahadalsaidi","3","85121196"
"433","1000661","Sourav Mahajan","29a0b0c605b65d4a86c1d253167c3749881da7f3","sourav","10","95745146"
"434","1000741","Dushyant Bhalgami","29035e94c6984cb55e570357dd2698319ca307c2","dushyant.bhalgami","2","86150079"
"435","1000704","Jeroen Nijhof","8cf2864ef06f63f12aaf1f112a2e69b37c1a1bcd","jhbn","9","91654119"
"436","1000720","Peter Senna Tschudin","5c9ffbc6e81376d8bf67d437035002c1b05ee022","gkatin","3","89490794"
"437","1000701","Damien Chambe","eb09c2930cbe0acd2391d705d0027826b152db29","chambed","1","87757152"
"438","1000382","Isamu Mogi","581568317a76667502ad9b62a8cab790b80d34f4","i_mogi","38","123893401"
"439","1000731","Robin Kumar","af14159ca4356c102d76731d1f0d2d6c20c75eda","2robinsaini","2","87626925"
"440","1000614","Shreyansh Gandhi","7259ecb0c6fe12ef49ab3de3334db445ddfaa07b","the_phenom","2","88197171"
"441","1000439","Élie Roux","bd637d3afd488784e5fa188ea767c70510730946","eroux","3","119932227"
"443","1000101","Faisal al-otaibi","989407e04c3f057d39660bbd7f1bf6637a4510c7","Faisal","32","148175762"
"445","1000435","Jason Hulme","995557f2e1cfcec41aa4df95094371e3e76a0721","Dwoop","3","120156159"
"446","1000713","Mukhiddin Yusupov","11b0225da941e3ccf8ab72ae3cbbb4cd0e5eac93","yusupmuk","4","90175227"
"447","1000572","Rajashri Udhoji","22fef95b8919b8d4a7629e5c3d995e8aa2965b03","Rajashri","11","104046735"
"448","1000606","Michał Siedlaczek","8f500d43faaddad1a8be7288de8968a521149783","elshize","4","100358751"
"449","1000177","Lennard Wasserthal","b27b6d74ec32487c7aabd995e587074182af5c81","lennard","12","143593079"
"450","1000053","Petr Mladek","ef9bf10f250134e12064765ee5126e2503d1687d","pmladek","49","131835846"
"451","1000621","Tobias Mueller","10786ad1edae34d9b221927ae5d513dd491f661a","muelli","3","93222320"
"452","1000700","Alex Gulyás","029676bec4a4bc974a0c990122a4d4098647ead2","alex","1","92001019"
"453","1000696","Michal Horák","3e855aa8d1ecc2dc845532f0d7a929305f4bf9ed","buben","1","92582838"
"454","1000579","Keith Curtis","6022714f90c375ea3741f5c038702f9195104e09","KeithCu","4","101920237"
"455","1000677","Milan Zelenka","2db08a62aff7a57df9b8726eb31dec3928e87a67","zelenmi6","2","94523472"
"456","1000656","V V","0278bf45030f7e206468f7212ed12344d83848c2","Divayth","2","95543460"
"457","1000341","Andreas Mantke","e4bf5f0b71ac4b22046c5124df7284ee447fc0d3","andreasma","3","126576843"
"458","1000659","Manmeet Singh","48c488a77033c8eefc37d7d92d2ba808a632ede5","gdm.manmeet","1","95482753"
"459","1000650","Jason Gerlowski","74ae255cb83ad99c5887fa5aad0b55cf7198e141","gerlowskija","1","96396734"
"460","1000647","Roopak T J","395ed397c10acc567035a41520f37d73a282a56a","roopak12345","1","96675342"
"461","1000097","Ahmad Harthi","ba6d9916a4070507d9c4cecadc8c5ef11d5ec568","ahmad","8","133679055"
"462","1000214","Alexander Wilms","fd9e7290350934091bb99290d646bdaae70e38a6","alexanderWilms","131","102896451"
"463","1000418","Donizete Waterkemper","6e54fad33d10de1918922e7e68529299c2a432ac","dwater2","2","121292476"
"464","1000598","Stefan Ring","d3f6d16cffa98935988eaf6effa463532671c062","Ringding","7","101315213"
"465","1000011","Rob Snelders","d8fc3bea229742699f86050aab560feb51678e79","ertai","13","148658996"
"466","1000038","Kevin Hunter Kesling","365f7facd6a6bd1c1673a3b6044f694f8f8e8be8","hunteke","3","98005995"
"467","1000484","Honza Havlíček","58113af1c125da01a7f23f4c342ee9ee0eae32c5","jahav","4","115729369"
"468","1000604","Sven Wehner","f3506af40b7b4e52060cc701c0a6efddc15b098d","SvenW","13","100731601"
"469","1000631","Timothy Markle","2f8d587ae5b45fd0e5c5ef8771a8e32e3cd0b71b","timothy.markle","2","98252291"
"471","1000334","Artur Dryomov","01035c11abfbbf80506fecf2627ad00e0f321a83","ming","11","127364738"
"472","1000305","Adam Mróz","124efcad26aef2924c5c4dad9c21f064adffebc8","sadam36","2","128878760"
"473","1000622","Ebrahim Byagowi","fa0c472f82e15a49ffeb6fffba6dbc5f1f56dd83","ebraminio","2","99267632"
"474","1000254","Robert Roth","8994b92490a89cc1491892a13013e216f06284d2","evfool","10","131539243"
"475","1000556","Rolf Koetter","3e3231b0fe74d5ec37af3ec32d5f937a12cb4005","Rolf","1","106967087"
"476","1000110","Norah A. Abanumay ","e109de0a3f96ed0d1575ddcbf942b97d3f5f5efd","Norah","3","146888447"
"477","1000105","abdulmajeed ahmed","1044600562dfd96e4f8ce7dc2ae958671640f3c3","Abdulmajeed","12","148175817"
"478","1000611","Ayantha Randika","c0bb5ac06d1c374ed0ff0f9f8c811aeeafb3c24e","rand","1","100113087"
"479","1000603","Anderson Roberto","46b28906172044681fe276336b2044a34f2ccdf3","andersonroberto","3","100866137"
"480","1000181","Petr Vorel","ad8683560b8b62844a90a2b192bc370949848482","pevik","8","129089651"
"481","1000583","Bernhard Seßler","abfbd2df7e1f67c6c10be7d698c1bc3ccbb04d3f","bsessler","16","103349720"
"482","1000041","Philipp Riemer","d2567b73ee46ad68192246532cdcc6d2977fa2b1","ruderphilipp","51","149528440"
"483","1000367","Siqi LIU","bda19a1fd9799a0fa2c232476cdd0e805eac2634","siqi","5","124820642"
"484","1000178","Manal Alhassoun","15ecd1e3a7e01d5e89e1c10f121e34849bcfd3ac","malhassoun","27","140154745"
"485","1000591","Jiwoong Youn","7d1f31611646ed101e96e9e37b159e1cb885cb74","yjw9012","2","102196565"
"486","1000072","Robinson Tryon","037e924f74d993d6ca1f95d12896919df13b6edc","colonelqubit","17","106021292"
"487","1000554","Robert Campbell","e7ff5d7bc37aa2ce8e3e867ade30af5624bb303c","rcampbelllaos","3","106278784"
"488","1000025","Ivan Timofeev","07fa0b408e2748f4026701353a88db805637f3cc","ivan","23","148336592"
"489","1000185","José Guilherme Vanz","16a7ff68018aca3d41a183d597247a9a62622b73","JoseGuilhermeVanz","11","141443152"
"492","1000515","Ptyl","2d8f620e69b26045225e7d51bc0c47368fe891c0","Ptyl","17","112563037"
"493","1000545","Roi Illouz","874ced9b85ea7a5d3c9dd07b14eaf01bfe328cb8","roi","7","108343599"
"494","1000350","Andres Gomez","2d7fa5f3c56bc919d02fd6c84d557f443963ef85","tanty","31","124986810"
"495","1000451","Tsahi Glik @ CloudOn","1c0930f5bf53bf1d9ad8ff535a693c30264e5fca","tsahi_CO","7","118635664"
"496","1000485","David Bolen","7e5469637ca17012706955357c19d28a2f7eb94e","db3l","2","114286877"
"497","1000266","Prashant Pandey","3b1d05c6f8a6700d31467ebc0469acab95440d2e","elixir","29","129217534"
"498","1000311","Cao Cuong Ngo","01175df7beeee73da83903726ec67c1bc8f9be9a","nccuong","11","128199501"
"499","1000318","mhofmann","8503e1496704a0e22f3358b92ed120a0e166c42a","Borim","7","128281266"
"500","1000176","Ricardo Montania","4677d81723864034f9ae56276588e9f4350cc319","RMCampos","36","143801090"
"501","1000442","Jelle van der Waa","16c6400d819e6a659fff5872ca48b74f2905de3d","jelly1","76","119234235"
"502","1000516","Janos Farago","ae2ea84083d213f91b898e174dfe3dc22f9a2f96","fari","2","112417920"
"503","1000487","Boris Dušek","203b44e82a7402fcd733b86b504d645aa751a11a","dusek","39","115585008"
"504","1000512","Viktor Varga","1e9fc74695c8b4fccb13f4501a1f7e9903b39a2d","vvarga90","4","112935454"
"505","1000395","Minh Ngo","9a9e6253ba40a176fe47ef0e9a865a1b0c431c1e","nlminhtl","2","113175238"
"506","1000497","Srijan Choudhary","2f1ab14acf10cb451725d526342f6630b3e66d68","srijan4","2","114478077"
"507","1000495","Neil Moore","6262e40ca4ed65a14fbbdc8c55f8a102f51707f5","Dar13","3","114591823"
"508","1000489","Michael Duelli","ad9d69862534fa58fed54a4ecc6dd58527a18686","duelli","1","115305155"
"509","1000463","Tamás Csikós","03a05a2b34b1c859ce9cff99ace2fe2cc4d5d662","Csiki","40","117940118"
"510","1000477","Gergely Máté","28358d555ae4f4f2f8c2addb1132dbe37a820091","sportember","7","116355718"
"511","1000170","gerhard öttl","35dcc14b6e9748f8d2bddca727bbb899aaa8afbb","oger000","7","142465526"
"512","1000287","Thomas van der meulen","9605e92264d780b4391971acfd8688105cdf3c0d","pje335_NL","4","122425637"
"513","1000440","Edmond Ciorba","40e3f7d3a023df6775c28b111e5f831f8c1a3e7f","edmond_ciorba","6","119662889"
"514","1000456","Nourah AlShoeibi","6c000f2f0b24c1a5a972f0fcedbd83d926801553","Nourah.AlShoeibi","13","118461338"
"515","1000412","Mark Wielaard","b0dd6c80b311b7d5213b916f3ac34b81c143d0b4","mjw","44","122170832"
"516","1000251","Abdulaziz A Alayed","5d048cdf884a70076511b59932f721a032811972","AZEZ_KACST","5","131772690"
"517","1000449","Frédéric Wang","c6a16087fd72a799a73260faf33719fcaf54bd58","fredw","22","118691272"
"518","1000314","Sven Jacobi","a6974ca91a094baf4548933781c7ce4a339a0e8c","sjacobi","5","128125447"
"519","1000133","Lior Kaplan","d434849a6693ec6fe8da61242fe4edc8a114f58e","kaplan","8","140037676"
"520","1000452","Sonakshi Nathani","9d54d7aaeaf6d1861e33cd7a037a3b8eaa6aa5ad","sonakshi","1","118366968"
"522","1000408","Yohei Yukawa","e3cd05415411812b59bd1f67fa9ebc1c03b1c578","yukawa","1","122402044"
"523","1000397","Manik Malhotra","cc0c7c075a6a1172a32efeb2c375d6db7de9317f","mmeof","2","123025413"
"524","1000372","Alex Ivan","33f4b6d737e594360c2dfaaa551dc054957b8ae7","alexnIvan","3","124578011"
"525","1000308","Ádám Király","6eff787fc50666add826d1b107228280a9ea9bdb","acsk","7","128537065"
"526","1000234","navin patidar","7cee24ffa42e54876f291191f5816117f80327dd","navin","22","133202411"
"527","1000391","Jan Bobisud","69ff1771d08281e38d410fc6200c97f07bdcefd1","bobisjan","1","123372187"
"528","1000096","gokul s","8231949e0a81651844d15efc7a332b50a2cc4023","gokul","22","148698533"
"529","1000235","Karthikeyan Krishnamurthi","c7bebdc62896e264976a1a38130a1707ea4501af","karth","10","133157065"
"530","1000379","Sameer Deshmukh","c90bdc22a0aa4a5d6116d713af2dd388fac1c8e3","v0dro","9","124135900"
"531","1000349","Petr Kraus","a2b99bab0cececd29d9d04660736d689098e0e7d","krOoze","4","126291352"
"533","1000203","Abdulelah Alarifi","06ef4ebc569e10e6c2f6f0f97d8297d2475a760b","Abdulelah_Alarifi","19","138084262"
"534","1000282","Gergő Mocsi","864da091de52a967b53a56ceda936bfd8ca9456f","stalker08","14","129874837"
"535","1000358","Miguel Gomez","220d701a627b27507da993e8ff445867bee87cde","magomez","1","125707316"
"536","1000357","Golnaz Irannejad","3491def203ff03a6bf8bd62a9ae4dbaf5c49908b","GolnazIr","3","125756072"
"537","1000174","Issa Alkurtass","6af2955c83b3239bf491c10fef396ae42099e1a9","IssaAlkurtass","4","138075604"
"538","1000360","Ashish Banerjee","df0efcfc68d3a7dd9470d186d2063c03fcdf5a7f","ashish_banerjee","1","125575452"
"539","1000352","Goran Rakic","c6893fcbe21036cd2266a5d1fd918993a3b4e494","grakic","1","126010706"
"540","1000245","Mathias Hasselmann","93d7ed9be16c60363b195a5315d99fcbfcf25394","hasselmm","10","132429470"
"541","1000309","Tomáš Turek","e1c1d4e5360aa5d9ddcea478b5ad6f441f349a2f","osmman","1","126468054"
"544","1000243","Jean-Noël Rouvignac","324c3e766db9d16cd642ec1c146c71566cd85218","JnRouvignac","13","132035094"
"545","1000306","David Verrier","218343c6fc1d536194a60a57802b60522503c544","dverrier","6","128741769"
"546","1000091","Christophe JAILLET","8ffa66fe8c190eb27a49a2541c9c4ae1f97bc497","jailletc36","11","148666638"
"548","1000134","Yifan Jiang","458518c58ddf5784d4bb9d5c0ab68b0ee097367d","yifan","1","131870548"
"549","1000183","Christopher Copits","da4d1a6804cc9c04e8b13772e9af6b5e853f53ff","ChrisCopits","6","134657546"
"550","1000132","DO NOT USE","e4e2241d91adb10f4b8ec3b0382e4d008b5696c1",\N,"44","145643435"
"551","1000204","Jeremy Brown","3e680f3ee8d452008216ba2e31551c9b2cbe0ab8","TrnsltLife","1","136695333"
"552","1000208","Enrico Weigelt, metux IT service","10f777ff68aea7ca03ab0d8dbecca3ccd46e3459","metux","8","137717851"
"553","1000196","Philipp Kaluza","7faa9deab8273280bfc99d2c8231d32c7e7f8824","pixelpapst","1","139845465"
"554","1000143","Marc-André Laverdière","69b42c3316bab310abca402fb5c70b57d64018fb","malaverdiere","4","130281545"
"555","1000126","Alexander Wilms","1d966bf660e0ec3099c70742f84493e650f8f669","alexanderW","2","144183702"
"557","1000112","Bertrand Lorentz","db86b397df36f3347704074922c9105c30fa627e","Bertrand","3","146602087"
"558","1000060","Sören Möller","188f9c0fd9f62f6a7fea2d6836762ef702d786b7","scren","4","149707440"
"562","1000069","Sebastian Spaeth","e23e11ff22a01689970c2379263f2e4ca06a49bb","spaetz","2","150342478"
"563","1001336","Yurii Kolesnykov","9475b26c9f888fad9916ca70623fb64921cbe3e5","yurikoles","1","14303504"
"564","1001348","Manuel De Franceschi","7c133ebf16437bd8323309d06b953e5be7ee70eb","manuel.defranceschi","3","23582796"
"565","1001324","Jason C. McDonald","16b1aa0f8e9a8768a099ab23b101cfe4c4efc255","CodeMouse92","3","26308390"
"566","1000642","Willian Briotto","dffbf2c08afd82df58c10e3922530a82f833d0ad","WillianBriotto","1","20707164"
"567","1001275","Beza Moges","44fe27a00505f44a4fdf4c56f31c45d93bab10a9","mogesb","6","31228173"
"568","1001355","Gabriel A.","57ccdbd0e3cbb7dbbacae8aaa032563be051b547","Gabrui","1","21986852"
"569","1001258","Jose Mendez","e6c0bdbca16a929789b2459f4bbaf568bd0b286d","jose55","1","31593727"
"571","1001269","Alfredo","5c63ac163be594e5365ae74b0ec6e5e52ff9e37d","Colosu","2","31960457"
"572","1001259","Atul","97d9e829888f48fd561ac14c05d0f353654c88d1","iamatul","1","32020565"
"575","1001212","Dhruv Khattar","73b085b23678225160bdda47bbd60351cb53a970","pakhandibaba","1","35577353"
"576","1001189","chaithanya","0807c7bd7cc8212417507e6e4bbf2ad720db387e","chaithanya","1","37645056"
"577","1001203","mceylan","c01873c245169fd5593720f33cebfe1926906b28","merveceylan","1","36383434"
"578","1001200","Nurhak","32034b00de614a5603ac57d89459f51a6c4e5748","nurhakaltin","4","36454457"
"579","1001083","William Bonnet","dc2ff2cf6c0b33fa2e2f7cbe14fc2ce4b7663f4e","william","16","48443489"
"580","1000977","Redthorn57","fc53bf2a433f0ee21cd30268af9fed2155de2a37","Redthorn57","1","61017050"
"581","1000929","Enes Ateş","618c2f7e11e52c4b6462344e46259149465dff09","enesates","1","63823673"
"582","1000989","Andrew Savonichev","405b1bafc7838368808e5b56a54c7c5e3276fadd","asavonic","1","60673922"
"583","1000939","Michał Świętek","7f343f23e4f4658cb0068b91d16ccb839b687a2c","mike1729","1","63324438"
"584","1001072","Shreyansh Gandhi","7259ecb0c6fe12ef49ab3de3334db445ddfaa07b","phenom","2","49691734"
"585","1000960","rajat vijay","b2ccdbfa8e65f3a03cee4e4550c72ba21b6b6a23","rajatvijay","2","61755910"
"586","1000920","Ahmad Samir","e0624ef1eebbb71c6d5cee4a12358a5b41ff349e","Ahmad","1","63462349"
"587","1000919","Qiwen Gao","47c6fcf673085348feb7c6498c76b48c1e0a458e","JessieGao","1","64110338"
"588","1000941","Pieter Adriaensen","6ccc14a213877fd02ec272e4db56c453111ac7dd","Pieter.Adriaensen","2","63289412"
"589","1000788","Sudarshan Rao","7d3cb7d1fa9d50d8efdfe9a6d6db503cb40d6568","Sudarshan18","2","79402379"
"590","1000957","Delveri Chick","20c10794e789ac21320fc20ea2067a647d0eabaf","chick","2","61812533"
"591","1000912","Ryo ONODERA","83c6539e71012ec5b7a93abbc57ed599467dd591","ryoon","1","64841465"
"592","1000815","Hao Chen","04cec3f10c16844721d0f1a2caf39815424556fe","haochen","1","76821802"
"594","1000850","Daniel Kranich","e5c8ba77d8dfbbdcb2ba650f611a7107fc4904c6","KroniK907","1","72501159"
"596","1000654","Sujay m","b4ca8a4b7ce784211a1553e1df7445fe62b47e13","suj_ay","2","96433602"
"597","1000845","Mattias Põldaru","4333b270e7a42624f6b438c26627783da80d1d26","mahfiaz","2","72792903"
"600","1000770","Hiroto Kagotani","67bc68ed25fe7d227997b218fc4a56b1129b17c2","HirotoKagotani","1","82185017"
"601","1000712","Michal Strnad","2aebd71b86323861cb3a90d727f8a27761591a36","debuggercz","5","90494138"
"602","1000695","Michel Messak","1fef26909667b9d32a95723fd22270e40711febe","MichelM","1","93045480"
"603","1000663","Darshana Padmadas","1521d5b80b0f4846f9ba57647d67b29f7a4b3c94","darshana","2","95214120"
"604","1000577","Mohamed-Ali BEN MANSOUR","0130a4f442603957e7c66a6f6ad1263655dd49d6","Dali","5","104279330"
"605","1000667","Tharindu Lakmal","9530a2fc800e8ce5b9679e431b22c055674e8017","tmtlakmal","2","95273429"
"606","1000164","John Smith","4bccfc509bd89026fe589ff8828ddb59fe9deb69","lbalbalba","1","92516644"
"607","1000491","James Michael Dupont","e211d6245cd4d092765fdb37dd295ae78d1bacd3","h4ck3rm1k3","4","115083083"
"608","1000610","Dima Kostenich","3d2451e3397503c6a47058a38bdbb8597e98a27b","dm_kostenich","1","100269098"
"609","1000527","matthieu gay","faa211be9a5e2be33b08a5855b49a56b1509738b","matt_51","6","111103736"
"610","1000565","Peter Ansell","929ad88154310c8b6c048b434f1f91466ac68494","p_ansell","1","105605015"
"611","1000533","Tushar Bende","bac9a2578a999a16d170abc1ae580db4d056aa4f","Tushar","1","110674291"
"612","1000528","Danny Brown","18bbc17df7989249c0c958cac52b6087c7632358","dantonybrown","4","111157398"
"613","1000526","Sandro Steger","5ce341c5c6fd950c669029ee1324ca14f5bb71d3","Don","1","111233249"
"614","1000505","adrien c","dc920174fc6b6ebcb207be14faa5cb4ad87bbc42","adriendev84","2","113792153"
"615","1000327","Javier Fernandez","ff69df1b21a677cdbf31bfce7b951ff0cb68b7f5","javifgb","3","126408772"
"617","1000454","Reem Al Otaibi","032cf3522b1de84250a48c1608829218076ff9b7","Reem.ALotaibi","3","118469796"
"618","1000460","Nagy Ákos","a532a5e0b87c416a6e0dc8d62d25b71d0a7006ce","akoscomp","7","118300855"
"619","1000455","Alaa.Bukhari","ce2b6ade0892f7a0f76e554663843fa7ca8943b2","Alloo_Bukhari","5","118461702"
"620","1000369","Kesha Shah","1e8588551bf0b5ed711e26658ad0cbbe957ce073","kesha","1","125004001"
"621","1000348","Akash Shetye","a8efc335123345d7bfbd875ac18845e571761dde","she1991","4","126397052"
"622","1000033","Rafael Dominguez","4a5a7e0100434f0d2c24060c8ba9c591a33ac95d","npcdoom","45","145181589"
"623","1000281","Prasanna Barate","1b4e288da8a341e48e7876de1e7370fe09890f43","Prasanna","1","130025690"
"624","1000202","Véghelyi András","b9e986fb5d3c77b2662fdd0f34c18a30d0f60923","andras","4","137727318"
"625","1000228","Stephan van den Akker","9e5d177a6d99a2c0eb33ca5021025d1987229e44","stephan66","5","134061155"
"626","1000146","Tim Hardeck","3b55acc79b68490da9e3d3b67a63a8b2fb313b83","thardeck","1","132971500"
"627","1000216","Werner Körner","3618fa6c4dc462152e1aee7eab76ca3bf1b84acc","wk661lo","7","136258874"
"628","1000221","Naser Sharifi","3f7c156cef1f95e92e7781df98018915da05eed1","nsharifi","1","135787929"
"629","1000215","Tino","503a22e5a5904be7d4ba0553216759dda083265e","tk","1","136424535"
"630","1000071","Muhammad Haggag","59889acbdb38b1141558e0bee8d62200136f6d94","mhaggag","2","148320760"
"632","1000194","René Kjellerup","27f7e57bbbc09a2bb3c4760c88c03bdd00df3488","katana_steel","3","140013215"
"633","1000113","ojab","c496e72147b9b9d3e9d526e913b755e6284f65a0","ojab","1","146600814"
"634","1000095","Jesso Clarence Murugan","8d8a18a494bf543e41082aa74cdbd668c86d6fa9","jesso_clarence","2","148707818"
